<?xml version="1.0" encoding="utf-8" standalone="yes"?>
<rss version="2.0" xmlns:atom="http://www.w3.org/2005/Atom">
  <channel>
    <title>words on Introduction</title>
    <link>http://example.com/tags/words/</link>
    <description>Recent content in words on Introduction</description>
    <generator>Hugo -- gohugo.io</generator>
    <language>en-us</language>
    <lastBuildDate>Mon, 13 Nov 2017 11:58:39 -0500</lastBuildDate>
    
	<atom:link href="http://example.com/tags/words/index.xml" rel="self" type="application/rss+xml" />
    
    
    <item>
      <title>Hipster Ipsum</title>
      <link>http://example.com/blog/hipster-ipsum/</link>
      <pubDate>Mon, 13 Nov 2017 11:58:39 -0500</pubDate>
      
      <guid>http://example.com/blog/hipster-ipsum/</guid>
      <description>Occupy mlkshk kale chips woke, listicle locavore next level fingerstache glossier aesthetic man braid before they sold out kitsch prism. Cred copper mug freegan, flannel YOLO single-origin coffee skateboard artisan four loko church-key man bun. Synth literally gastropub, kombucha chillwave helvetica offal truffaut church-key freegan pop-up gentrify narwhal. Kombucha viral vexillologist green juice. Slow-carb hoodie mumblecore tumeric tattooed meditation, lo-fi fap cred affogato forage whatever austin. Shabby chic direct trade migas, brunch gochujang sriracha chambray fanny pack 8-bit mustache letterpress.</description>
    </item>
    
    <item>
      <title>Startup Ipsum</title>
      <link>http://example.com/blog/startup-ipsum/</link>
      <pubDate>Mon, 06 Nov 2017 12:04:06 -0500</pubDate>
      
      <guid>http://example.com/blog/startup-ipsum/</guid>
      <description>SpaceTeam affordances quantitative vs. qualitative SpaceTeam physical computing earned media thinker-maker-doer pair programming. Bootstrapping pitch deck physical computing driven cortado human-centered design innovate human-centered design driven. Grok pitch deck fund pitch deck sticky note affordances minimum viable product integrate paradigm viral iterate. Driven fund thought leader personas workflow SpaceTeam viral pair programming physical computing intuitive 360 campaign latte bootstrapping minimum viable product. Bootstrapping physical computing responsive pitch deck SpaceTeam parallax long shadow pitch deck bootstrapping ideate.</description>
    </item>
    
    <item>
      <title>Undated post</title>
      <link>http://example.com/blog/no-date/</link>
      <pubDate>Mon, 01 Jan 0001 00:00:00 +0000</pubDate>
      
      <guid>http://example.com/blog/no-date/</guid>
      <description>I was born yesterday, tomorrow.</description>
    </item>
    
  </channel>
</rss>